Part Name,Color,Quantity,Part ID,Color Code
"Brick  2 x  2","Red",4,3003.dat,4
"Brick  1 x  1","Red",16,3005.dat,4
"Brick  1 x  4","Red",3,3010.dat,4
"Plate  2 x  2","Black",1,3022.dat,0
"Plate  2 x  2","Red",8,3022.dat,4
"Plate  1 x  2","Black",2,3023b.dat,0
"Plate  4 x  4","Black",1,3031.dat,0
"Plate  4 x  4","Tan",1,3031.dat,19
"Brick  1 x  1 Round with Hollow Stud","Dark Tan",2,3062b.dat,28
"Plate  6 x  6","Black",1,3958.dat,0
"Plate  6 x  6","Green",1,3958.dat,2
"Plate  6 x  6","Tan",1,3958.dat,19
"Plate  1 x  1 Round","Yellow",2,6141.dat,14
